original_path,current_path,bytes,sha256,evidence_kind
benchmarks/pyperf_spike/executions_1_perf_counter.json,benchmarks/pyperf_spike/workloads/non_refined_search/historical_manual_summaries/run_01.json,225,04C19D4ADB9389A925D90BC2F7E87A7C678509535C188C346FC2F60723E173A4,historical_summary_only
benchmarks/pyperf_spike/executions_1_pyperf.json,benchmarks/pyperf_spike/workloads/non_refined_search/raw/pyperf/run_01.json,6727,7263484E356FC88C77416AC680BC4B7C96795A57E1C886B82A94DCA209C55132,native_pyperf_json
benchmarks/pyperf_spike/executions_2_perf_counter.json,benchmarks/pyperf_spike/workloads/non_refined_search/historical_manual_summaries/run_02.json,231,E39E255CB61D6F3A5E2D0A617AC58751EAB9E116EC20E2485586C4BAB99FD8E3,historical_summary_only
benchmarks/pyperf_spike/executions_2_pyperf.json,benchmarks/pyperf_spike/workloads/non_refined_search/raw/pyperf/run_02.json,6742,ECE9A03C56E6C91FAE5236D1463A723D33B221667FCE6223BF96013CAED87142,native_pyperf_json
benchmarks/pyperf_spike/executions_3_perf_counter.json,benchmarks/pyperf_spike/workloads/non_refined_search/historical_manual_summaries/run_03.json,236,E8EF3A4E548EAC4D8E59958D8AA341EA239CF98C88E4D95D9194770CE3A4D3D9,historical_summary_only
benchmarks/pyperf_spike/executions_3_pyperf.json,benchmarks/pyperf_spike/workloads/non_refined_search/raw/pyperf/run_03.json,6729,68630AFB224A09C982FE0104FCEAABDF13D1150C72146BF07AB1780F536C926C,native_pyperf_json
benchmarks/pyperf_spike/executions_4_perf_counter.json,benchmarks/pyperf_spike/workloads/non_refined_search/historical_manual_summaries/run_04.json,231,EC710DA0118737F36247E99C9C80422F18E369E55CFE07FEACFA3FFAA446D435,historical_summary_only
benchmarks/pyperf_spike/executions_4_pyperf.json,benchmarks/pyperf_spike/workloads/non_refined_search/raw/pyperf/run_04.json,6729,D93641977543899591F30244F97DB51C2DC15118ABCF354418464DE3B2195038,native_pyperf_json
benchmarks/pyperf_spike/executions_5_perf_counter.json,benchmarks/pyperf_spike/workloads/non_refined_search/historical_manual_summaries/run_05.json,234,70897A4428603F7E95A329E02C952ED236194DE8D25C675FAD64C10ED25D8AA7,historical_summary_only
benchmarks/pyperf_spike/executions_5_pyperf.json,benchmarks/pyperf_spike/workloads/non_refined_search/raw/pyperf/run_05.json,6736,1A8F277380A4B176E417A3CB4AFE83B189E150464C75CB482BEE2AF1D86A59AF,native_pyperf_json
benchmarks/pyperf_spike/summary.csv,benchmarks/pyperf_spike/workloads/non_refined_search/historical_summary_ms.csv,1465,74989BED4089C5B2957DBBC76EFEB85E345EFCE31244BAA00D419E3369147D66,historical_derived_summary
